{"_runtime":514.037106,"_step":7,"Agent":"agent_0","curr_reward":-8.69597931355811,"total_Reward":-8.69597931355811,"_timestamp":1.732671610798202e+09,"_wandb":{"runtime":553}}