{"_runtime":14.00419,"_step":49,"_wandb":{"runtime":14},"Agent":"agent_0","curr_reward":-6.859946028825338,"total_Reward":-6.859946028825338,"_timestamp":1.73378092367384e+09}