{"_timestamp":1.7326940148616643e+09,"_runtime":13038.112173242,"_step":199,"Agent":"agent_0","curr_reward":-22.543598252392286,"total_Reward":-22.543598252392286,"_wandb":{"runtime":13038}}