{"total_Reward":-29.026742589087018,"_timestamp":1.73500096445489e+09,"_runtime":123.647921,"_step":499,"Agent":"agent_0","curr_reward":-29.026742589087018,"_wandb":{"runtime":123}}