{"Agent":"agent_0","curr_reward":-24.178428609228675,"total_Reward":-24.178428609228675,"_timestamp":1.7334614320699294e+09,"_wandb":{"runtime":12431},"_runtime":12430.872962431,"_step":199}