{"_timestamp":1.734999789104531e+09,"_runtime":12.669617,"_wandb":{"runtime":12},"_step":49,"Agent":"agent_0","curr_reward":-9.209400935354441,"total_Reward":-9.209400935354441}