{"Agent":"agent_0","curr_reward":-3.4645905256950025,"total_Reward":-3.4645905256950025,"_timestamp":1.733780515127445e+09,"_runtime":32.465108,"_step":112,"_wandb":{"runtime":32}}