{"Agent":"agent_0","curr_reward":-16.741756752776443,"total_Reward":-16.741756752776443,"_timestamp":1.732670777762468e+09,"_runtime":1725.285182,"_wandb":{"runtime":2030},"_step":6}