{"total_Reward":-11.252058405239813,"_timestamp":1.732680424764405e+09,"_runtime":75.752181738,"_step":2,"_wandb":{"runtime":75},"Agent":"agent_0","curr_reward":-11.252058405239813}