{"curr_reward":-41.65852582498889,"total_Reward":-41.65852582498889,"_timestamp":1.733191267542088e+09,"_runtime":12.11923382,"_step":1,"_wandb":{"runtime":33},"Agent":"agent_0"}