{"Agent":"agent_0","curr_reward":-15.369409118853593,"total_Reward":-15.369409118853593,"_timestamp":1.735945754160057e+09,"_runtime":123.143535,"_wandb":{"runtime":123},"_step":499}