{"_timestamp":1.7350006317613409e+09,"_runtime":49.062837,"_step":199,"_wandb":{"runtime":49},"Agent":"agent_0","curr_reward":-3.1587315766437873,"total_Reward":-3.1587315766437873}