{"_wandb":{"runtime":12421},"_step":199,"Agent":"agent_0","curr_reward":-67.94973439699079,"total_Reward":-67.94973439699079,"_timestamp":1.7332040077588773e+09,"_runtime":12421.377188424}