{"curr_reward":-26.504980740018926,"total_Reward":-26.504980740018926,"_timestamp":1.7326803118502045e+09,"_runtime":11.877785521,"_step":1,"_wandb":{"runtime":41},"Agent":"agent_0"}