{"_wandb":{"runtime":12},"Agent":"agent_0","curr_reward":-9.149824226305148,"total_Reward":-9.149824226305148,"_timestamp":1.734998266159952e+09,"_runtime":12.653737,"_step":49}