{"_wandb":{"runtime":6492},"Agent":"agent_0","curr_reward":-5.710665049564746,"total_Reward":-5.710665049564746,"_timestamp":1.7326774136984618e+09,"_runtime":6492.537964546,"_step":99}