{"_wandb":{"runtime":14},"Agent":"agent_0","curr_reward":-2.1952920406716085,"total_Reward":-2.1952920406716085,"_timestamp":1.73378054851323e+09,"_runtime":14.221691,"_step":49}